CMS Name,Slug,Collection ID,Locale ID,Item ID,Archived,Draft,Created On,Updated On,Published On,Project Title,Sort order,Project category,Project thumbnail,Project text content 01,Project photo 01,Project text content 02,Project photo 02,Project text content 03,Previous project,Next project
Academic Search Strategy ◦ WISE INVESTIGATOR,wise-investigator,661ebea157d83e598ce0e44c,661ebea157d83e598ce0e425,661ed07059666af31523a0b0,false,false,Tue Apr 16 2024 19:24:32 GMT+0000 (Coordinated Universal Time),Wed May 01 2024 19:06:17 GMT+0000 (Coordinated Universal Time),Wed May 01 2024 19:06:34 GMT+0000 (Coordinated Universal Time),WISE INVESTIGATOR,01,Consultancy,https://uploads-ssl.webflow.com/661ebea157d83e598ce0e44a/66327f69a1f5a51fd09483a3_p7MPNIDdpYC8LLaudWqJUEZmUkaWSLhNWwbvMgk0_88.jpeg,"<h2>MAECENAS POSUERE QUIEX UT TEMPOR. SUSPENDISSE DUI NULLA MOLLIS VITAE ANTE NEC COMMODO BIBENDUM JUSTO AENEAN CONDI MENTUM COMIN.</h2><p>The rich text element allows you to create and format headings, paragraphs, blockquotes, images, and video all in one place instead of having to add and format them individually. Just double-click and easily create content. Nulla interdum facilisis odio placerat convallis. Vestibulum purus est dictum actellus atfacilisis pharetra massa. Phasellus non aliquet ligula quis tempus nunc. Curabitur maximuse. Fusceet dui aenim aliquet facilisis sliquam uturna inibh vestibulum cursus inquis turpis.</p>",https://uploads-ssl.webflow.com/661ebea157d83e598ce0e44a/66327a4c7ebc4c0954ea6864_759cvQCqc4_H3jjsRDB8zR3FhLQdh6tMoyqFj_R3eRE.jpeg,"<p>The rich text element allows you to create and format headings, paragraphs, blockquotes, images, and video all in one place instead of having to add and format them individually. Just double-click and easily create content. Nulla interdum facilisis odio placerat convallis. Vestibulum purus est dictum actellus atfacilisis pharetra massa. Phasellus non aliquet ligula quis tempus nunc. Curabitur maximuse. Fusceet dui aenim aliquet facilisis sliquam uturna inibh vestibulum cursus inquis turpis.</p><h6>-----</h6><h3>MAECENAS POSUERE QUIEX UT TEMPOR. SUSPENDISSE DUI NULLA MOLLIS VITAE ANTE NEC COMMODO BIBENDUM JUSTO AENEAN CONDI MENTUM COMIN.</h3><p>The rich text element allows you to create and format headings, paragraphs, blockquotes, images, and video all in one place instead of having to add and format them individually. Just double-click and easily create content. Nulla interdum facilisis odio placerat convallis. Vestibulum purus est dictum actellus atfacilisis pharetra massa. Phasellus non aliquet ligula quis tempus nunc. Curabitur maximuse. Fusceet dui aenim aliquet facilisis sliquam uturna inibh vestibulum cursus inquis turpis.</p>",https://uploads-ssl.webflow.com/661ebea157d83e598ce0e44a/66327a4c7ebc4c0954ea684f__qFrt8X30IylyXeNfLL4DhtVAkKX7SO5rxs9B_n-t5k.jpeg,"<h3>MAECENAS POSUERE QUIEX UT TEMPOR. SUSPENDISSE DUI NULLA MOLLIS VITAE ANTE NEC COMMODO BIBENDUM JUSTO AENEAN CONDI MENTUM COMIN.</h3><p>The rich text element allows you to create and format headings, paragraphs, blockquotes, images, and video all in one place instead of having to add and format them individually. Just double-click and easily create content. Nulla interdum facilisis odio placerat convallis. Vestibulum purus est dictum actellus atfacilisis pharetra massa. Phasellus non aliquet ligula quis tempus nunc. Curabitur maximuse. Fusceet dui aenim aliquet facilisis sliquam uturna inibh vestibulum cursus inquis turpis.</p><p>‍</p><p>The rich text element allows you to create and format headings, paragraphs, blockquotes, images, and video all in one place instead of having to add and format them individually. Just double-click and easily create content. Nulla interdum facilisis odio placerat convallis. Vestibulum purus est dictum actellus atfacilisis pharetra massa. Phasellus non aliquet ligula quis tempus nunc. Curabitur maximuse. Fusceet dui aenim aliquet facilisis sliquam uturna inibh vestibulum cursus inquis turpis.</p>",,
Content Distribution System ◦ IDEAMARKET,ideamarket,661ebea157d83e598ce0e44c,661ebea157d83e598ce0e425,661ebea157d83e598ce0e4c6,false,false,Mon Sep 11 2023 14:37:16 GMT+0000 (Coordinated Universal Time),Wed May 01 2024 19:06:20 GMT+0000 (Coordinated Universal Time),Wed May 01 2024 19:06:34 GMT+0000 (Coordinated Universal Time),IDEAMARKET,05,Consultancy,https://uploads-ssl.webflow.com/661ebea157d83e598ce0e44a/66327a528b38bc8c6199e52e_FJHaxaCv47TjOFcZEXiELMQuGN7VPpesJMWFBbJXYiA.jpeg,"<h2>MAECENAS POSUERE QUIEX UT TEMPOR. SUSPENDISSE DUI NULLA MOLLIS VITAE ANTE NEC COMMODO BIBENDUM JUSTO AENEAN CONDI MENTUM COMIN.</h2><p>The rich text element allows you to create and format headings, paragraphs, blockquotes, images, and video all in one place instead of having to add and format them individually. Just double-click and easily create content. Nulla interdum facilisis odio placerat convallis. Vestibulum purus est dictum actellus atfacilisis pharetra massa. Phasellus non aliquet ligula quis tempus nunc. Curabitur maximuse. Fusceet dui aenim aliquet facilisis sliquam uturna inibh vestibulum cursus inquis turpis.</p>",https://uploads-ssl.webflow.com/661ebea157d83e598ce0e44a/66327a528b38bc8c6199e529_5wb-9VMWCB_2ztfY2VRHo41VZVaZ-Hqbz2f3fVKUSJ4.jpeg,"<p>The rich text element allows you to create and format headings, paragraphs, blockquotes, images, and video all in one place instead of having to add and format them individually. Just double-click and easily create content. Nulla interdum facilisis odio placerat convallis. Vestibulum purus est dictum actellus atfacilisis pharetra massa. Phasellus non aliquet ligula quis tempus nunc. Curabitur maximuse. Fusceet dui aenim aliquet facilisis sliquam uturna inibh vestibulum cursus inquis turpis.</p><h6>-----</h6><h3>MAECENAS POSUERE QUIEX UT TEMPOR. SUSPENDISSE DUI NULLA MOLLIS VITAE ANTE NEC COMMODO BIBENDUM JUSTO AENEAN CONDI MENTUM COMIN.</h3><p>The rich text element allows you to create and format headings, paragraphs, blockquotes, images, and video all in one place instead of having to add and format them individually. Just double-click and easily create content. Nulla interdum facilisis odio placerat convallis. Vestibulum purus est dictum actellus atfacilisis pharetra massa. Phasellus non aliquet ligula quis tempus nunc. Curabitur maximuse. Fusceet dui aenim aliquet facilisis sliquam uturna inibh vestibulum cursus inquis turpis.</p>",https://uploads-ssl.webflow.com/661ebea157d83e598ce0e44a/66327a518b38bc8c6199e525_PC5EKJTu4_pGtsDtkINJVNdfz5ix2v0ZvRxRWxhhlZg.jpeg,"<h3>MAECENAS POSUERE QUIEX UT TEMPOR. SUSPENDISSE DUI NULLA MOLLIS VITAE ANTE NEC COMMODO BIBENDUM JUSTO AENEAN CONDI MENTUM COMIN.</h3><p>The rich text element allows you to create and format headings, paragraphs, blockquotes, images, and video all in one place instead of having to add and format them individually. Just double-click and easily create content. Nulla interdum facilisis odio placerat convallis. Vestibulum purus est dictum actellus atfacilisis pharetra massa. Phasellus non aliquet ligula quis tempus nunc. Curabitur maximuse. Fusceet dui aenim aliquet facilisis sliquam uturna inibh vestibulum cursus inquis turpis.</p><p>‍</p><p>The rich text element allows you to create and format headings, paragraphs, blockquotes, images, and video all in one place instead of having to add and format them individually. Just double-click and easily create content. Nulla interdum facilisis odio placerat convallis. Vestibulum purus est dictum actellus atfacilisis pharetra massa. Phasellus non aliquet ligula quis tempus nunc. Curabitur maximuse. Fusceet dui aenim aliquet facilisis sliquam uturna inibh vestibulum cursus inquis turpis.</p>",soybase,cobra-carbide
Local Search Strategy ◦ LIMITLESS CHIRO ATX,limitless-atx,661ebea157d83e598ce0e44c,661ebea157d83e598ce0e425,661ed04648fc995dbf95f9f8,false,false,Tue Apr 16 2024 19:23:50 GMT+0000 (Coordinated Universal Time),Wed May 01 2024 19:06:13 GMT+0000 (Coordinated Universal Time),Wed May 01 2024 19:06:34 GMT+0000 (Coordinated Universal Time),LIMITLESS CHIRO ATX,01,Search Strategy,https://uploads-ssl.webflow.com/661ebea157d83e598ce0e44a/66327f66d65fe982a263d01f_H49Hsu2RLJwDdqixb0yniB3GeNlH4MzW16ZOBIucwF0.webp,"<h2>Limitless Chiropractic, an Austin-based chiropractor, had a website that was underperforming in terms of organic search traffic.</h2><p>Despite having a consistent online presence, their website had reached a traffic ceiling that it couldn't break through. The client needed to improve their website's visibility and attract more qualified leads through search engines.</p>",https://uploads-ssl.webflow.com/661ebea157d83e598ce0e44a/66327a4c7ebc4c0954ea6864_759cvQCqc4_H3jjsRDB8zR3FhLQdh6tMoyqFj_R3eRE.jpeg,"<h3>Problem</h3><p>Limitless Chiropractic, an Austin-based chiropractor, had a website that was underperforming in terms of organic search traffic. Despite having a consistent online presence, their website had reached a traffic ceiling that it couldn't break through. The client needed to improve their website's visibility and attract more qualified leads through search engines.</p><h6>-----</h6><h3>Solution</h3><p>As an SEO agency, we were brought in to help Limitless Chiropractic overcome their traffic plateau and drive more organic search visibility. Starting on March 25th, 2024, we implemented a series of technical SEO improvements:</p><ol><li>Added redirects to ensure all pages were properly linked and accessible to search engines.</li><li>Optimized blog titles and slugs for better keyword targeting.</li><li>Set up URL monitoring to track any changes or issues.</li><li>Submitted a comprehensive sitemap to Google Search Console.</li><li>Added optimized metadata, schema markup, follow/index tags, and social share metadata to each page.</li><li>Enabled follow tags and added EN language tag for better indexing.</li><li>Implemented Google Tag Manager for improved tracking and analytics.</li></ol><p>These optimizations were applied to key pages including the Home, Services, About Us, FAQs, Blog, Contact Us, and individual blog posts.</p>",https://uploads-ssl.webflow.com/661ebea157d83e598ce0e44a/66327a4c7ebc4c0954ea684f__qFrt8X30IylyXeNfLL4DhtVAkKX7SO5rxs9B_n-t5k.jpeg,"<h3>Result</h3><p>Just over one month into the six-month engagement, Limitless Chiropractic is already seeing significant improvements in their organic search performance. Comparing the period of 3/25/24 - 4/28/24 to the previous period (2/22/24 - 3/25/24), the website achieved:</p><ul><li>35.78% increase in total clicks</li><li>25.23% increase in total impressions</li><li>10.34% increase in average CTR</li><li>3 position improvement in average ranking</li></ul><p>The website has broken through its previous traffic ceiling and is experiencing a new level of volatility, indicating that it is &quot;waking up&quot; and becoming more visible to search engines.</p><p>By focusing on crawlability, indexability, and other key technical SEO factors, we were able to deliver meaningful results for Limitless Chiropractic in a short timeframe. These early improvements have kept the client highly satisfied as we continue our six-month engagement to drive even greater organic search performance for their business.</p>",,
Local Search Strategy ◦ PRESSURE WASH CLAYTON,pressure-wash-clayton,661ebea157d83e598ce0e44c,661ebea157d83e598ce0e425,661ed11b0ef42fb769f8a2ef,false,false,Tue Apr 16 2024 19:27:23 GMT+0000 (Coordinated Universal Time),Wed May 01 2024 19:06:15 GMT+0000 (Coordinated Universal Time),Wed May 01 2024 19:06:34 GMT+0000 (Coordinated Universal Time),PRESSURE WASH CLAYTON,01,Search Strategy,https://uploads-ssl.webflow.com/661ebea157d83e598ce0e44a/66327f671a9738eab995b56a_rkgfMC5gg7hI15V6_xFUMHSgvonOEoh2MdOv4xjsNKI.webp,"<h2>MAECENAS POSUERE QUIEX UT TEMPOR. SUSPENDISSE DUI NULLA MOLLIS VITAE ANTE NEC COMMODO BIBENDUM JUSTO AENEAN CONDI MENTUM COMIN.</h2><p>The rich text element allows you to create and format headings, paragraphs, blockquotes, images, and video all in one place instead of having to add and format them individually. Just double-click and easily create content. Nulla interdum facilisis odio placerat convallis. Vestibulum purus est dictum actellus atfacilisis pharetra massa. Phasellus non aliquet ligula quis tempus nunc. Curabitur maximuse. Fusceet dui aenim aliquet facilisis sliquam uturna inibh vestibulum cursus inquis turpis.</p>",https://uploads-ssl.webflow.com/661ebea157d83e598ce0e44a/66327a4c7ebc4c0954ea6864_759cvQCqc4_H3jjsRDB8zR3FhLQdh6tMoyqFj_R3eRE.jpeg,"<p>The rich text element allows you to create and format headings, paragraphs, blockquotes, images, and video all in one place instead of having to add and format them individually. Just double-click and easily create content. Nulla interdum facilisis odio placerat convallis. Vestibulum purus est dictum actellus atfacilisis pharetra massa. Phasellus non aliquet ligula quis tempus nunc. Curabitur maximuse. Fusceet dui aenim aliquet facilisis sliquam uturna inibh vestibulum cursus inquis turpis.</p><h6>-----</h6><h3>MAECENAS POSUERE QUIEX UT TEMPOR. SUSPENDISSE DUI NULLA MOLLIS VITAE ANTE NEC COMMODO BIBENDUM JUSTO AENEAN CONDI MENTUM COMIN.</h3><p>The rich text element allows you to create and format headings, paragraphs, blockquotes, images, and video all in one place instead of having to add and format them individually. Just double-click and easily create content. Nulla interdum facilisis odio placerat convallis. Vestibulum purus est dictum actellus atfacilisis pharetra massa. Phasellus non aliquet ligula quis tempus nunc. Curabitur maximuse. Fusceet dui aenim aliquet facilisis sliquam uturna inibh vestibulum cursus inquis turpis.</p>",https://uploads-ssl.webflow.com/661ebea157d83e598ce0e44a/66327a4c7ebc4c0954ea684f__qFrt8X30IylyXeNfLL4DhtVAkKX7SO5rxs9B_n-t5k.jpeg,"<h3>MAECENAS POSUERE QUIEX UT TEMPOR. SUSPENDISSE DUI NULLA MOLLIS VITAE ANTE NEC COMMODO BIBENDUM JUSTO AENEAN CONDI MENTUM COMIN.</h3><p>The rich text element allows you to create and format headings, paragraphs, blockquotes, images, and video all in one place instead of having to add and format them individually. Just double-click and easily create content. Nulla interdum facilisis odio placerat convallis. Vestibulum purus est dictum actellus atfacilisis pharetra massa. Phasellus non aliquet ligula quis tempus nunc. Curabitur maximuse. Fusceet dui aenim aliquet facilisis sliquam uturna inibh vestibulum cursus inquis turpis.</p><p>‍</p><p>The rich text element allows you to create and format headings, paragraphs, blockquotes, images, and video all in one place instead of having to add and format them individually. Just double-click and easily create content. Nulla interdum facilisis odio placerat convallis. Vestibulum purus est dictum actellus atfacilisis pharetra massa. Phasellus non aliquet ligula quis tempus nunc. Curabitur maximuse. Fusceet dui aenim aliquet facilisis sliquam uturna inibh vestibulum cursus inquis turpis.</p>",,
Local Search Strategy ◦ WOLF FIT,wolf-fit,661ebea157d83e598ce0e44c,661ebea157d83e598ce0e425,661ed0973f4cb4c6cd0a1849,false,false,Tue Apr 16 2024 19:25:11 GMT+0000 (Coordinated Universal Time),Wed May 01 2024 19:06:12 GMT+0000 (Coordinated Universal Time),Wed May 01 2024 19:06:34 GMT+0000 (Coordinated Universal Time),WOLF FIT,01,Search Strategy,https://uploads-ssl.webflow.com/661ebea157d83e598ce0e44a/66327f6683b079452b19ed1e_biHB1sMX46T4roWnl0-NjsMYGMgqafOJ-b4looYzDNo.jpeg,"<h2>WOLF FIT, a Raleigh-based personal training business specializing in small groups, athletes, and one-on-one training, needed a website that could quickly attract new clients and drive business growth.</h2><p>As a new venture, WOLF FIT required a strong online presence to establish credibility, showcase their services, and convert website visitors into paying customers.</p><p>The lack of a professional website hindered their ability to reach their target audience and scale their business effectively.</p>",https://uploads-ssl.webflow.com/661ebea157d83e598ce0e44a/66327a4c7ebc4c0954ea6864_759cvQCqc4_H3jjsRDB8zR3FhLQdh6tMoyqFj_R3eRE.jpeg,"<h3><strong>Solution</strong></h3><p>To address WOLF FIT's need for a website that could rapidly bring in new business, we proposed building a custom website using Webflow, a powerful no-code web design platform. Our team collaborated closely with WOLF FIT to understand their unique selling proposition, target audience, and business goals. With this insight, we designed and developed a visually striking, user-friendly website that effectively communicated WOLF FIT's brand message and value proposition.</p><h6>-----</h6><h3><strong>Key features of the website included:</strong></h3><ol><li>Engaging and informative content that educated visitors about WOLF FIT's personal training services, expertise, and philosophy.</li><li>Compelling calls-to-action (CTAs) strategically placed throughout the site to encourage visitors to take action, such as signing up for a free consultation or contacting WOLF FIT directly.</li><li>A responsive design that ensured optimal viewing and functionality across all devices, including desktops, tablets, and smartphones.</li><li>Seamless integration with third-party tools, such as Google Analytics and a CRM, to track website performance and manage leads effectively.</li></ol><p>By leveraging Webflow's capabilities and our team's expertise in web design and development, we were able to deliver a fully functional, high-quality website within just 30 days.</p>",https://uploads-ssl.webflow.com/661ebea157d83e598ce0e44a/66327a4c7ebc4c0954ea684f__qFrt8X30IylyXeNfLL4DhtVAkKX7SO5rxs9B_n-t5k.jpeg,"<h3>Result</h3><p>The launch of WOLF FIT's new Webflow website had an immediate and significant impact on their business:</p><ol><li>Within the first month, website traffic increased by 200%, with a substantial portion of visitors coming from organic search and referral sources.</li><li>The website's conversion rate reached 3%, with dozens of potential clients filling out the contact form or calling WOLF FIT directly to inquire about their services.</li><li>The increased visibility and credibility provided by the new website allowed WOLF FIT to secure partnerships with local gyms and athletic organizations, further expanding their reach and client base.</li></ol><p>By delivering a professional, high-performing website in just 30 days, we helped WOLF FIT establish a strong online presence, attract new clients, and lay the foundation for long-term business growth in the competitive Raleigh personal training market.</p>",,
Marketing & Brand Creation ◦ TIM M. CLARKE,tmc-team,661ebea157d83e598ce0e44c,661ebea157d83e598ce0e425,661ebea157d83e598ce0e4b9,false,false,Tue Sep 12 2023 11:51:09 GMT+0000 (Coordinated Universal Time),Wed May 01 2024 19:06:21 GMT+0000 (Coordinated Universal Time),Wed May 01 2024 19:06:34 GMT+0000 (Coordinated Universal Time),TIM M. CLARKE TEAM,07,Consultancy,https://uploads-ssl.webflow.com/661ebea157d83e598ce0e44a/66327a538758254007668b5d_lBMC5aQWPK-Olhko7XcS2ZG9RFC2FXM0jjWK2GQZ4Dk.jpeg,"<h2>MAECENAS POSUERE QUIEX UT TEMPOR. SUSPENDISSE DUI NULLA MOLLIS VITAE ANTE NEC COMMODO BIBENDUM JUSTO AENEAN CONDI MENTUM COMIN.</h2><p>The rich text element allows you to create and format headings, paragraphs, blockquotes, images, and video all in one place instead of having to add and format them individually. Just double-click and easily create content. Nulla interdum facilisis odio placerat convallis. Vestibulum purus est dictum actellus atfacilisis pharetra massa. Phasellus non aliquet ligula quis tempus nunc. Curabitur maximuse. Fusceet dui aenim aliquet facilisis sliquam uturna inibh vestibulum cursus inquis turpis.</p>",https://uploads-ssl.webflow.com/661ebea157d83e598ce0e44a/66327a538758254007668b61_uLQtOR0HqmwHxqAyuqVDTxcQRaWQ7ilX-AFSw5o_ic0.jpeg,"<p>The rich text element allows you to create and format headings, paragraphs, blockquotes, images, and video all in one place instead of having to add and format them individually. Just double-click and easily create content. Nulla interdum facilisis odio placerat convallis. Vestibulum purus est dictum actellus atfacilisis pharetra massa. Phasellus non aliquet ligula quis tempus nunc. Curabitur maximuse. Fusceet dui aenim aliquet facilisis sliquam uturna inibh vestibulum cursus inquis turpis.</p><h6>-----</h6><h3>MAECENAS POSUERE QUIEX UT TEMPOR. SUSPENDISSE DUI NULLA MOLLIS VITAE ANTE NEC COMMODO BIBENDUM JUSTO AENEAN CONDI MENTUM COMIN.</h3><p>The rich text element allows you to create and format headings, paragraphs, blockquotes, images, and video all in one place instead of having to add and format them individually. Just double-click and easily create content. Nulla interdum facilisis odio placerat convallis. Vestibulum purus est dictum actellus atfacilisis pharetra massa. Phasellus non aliquet ligula quis tempus nunc. Curabitur maximuse. Fusceet dui aenim aliquet facilisis sliquam uturna inibh vestibulum cursus inquis turpis.</p>",https://uploads-ssl.webflow.com/661ebea157d83e598ce0e44a/66327a538758254007668b59_NztpKNdTQmUYBp9Pvk9XZwUO0FW327g03B4rf-keIyo.jpeg,"<h3>MAECENAS POSUERE QUIEX UT TEMPOR. SUSPENDISSE DUI NULLA MOLLIS VITAE ANTE NEC COMMODO BIBENDUM JUSTO AENEAN CONDI MENTUM COMIN.</h3><p>The rich text element allows you to create and format headings, paragraphs, blockquotes, images, and video all in one place instead of having to add and format them individually. Just double-click and easily create content. Nulla interdum facilisis odio placerat convallis. Vestibulum purus est dictum actellus atfacilisis pharetra massa. Phasellus non aliquet ligula quis tempus nunc. Curabitur maximuse. Fusceet dui aenim aliquet facilisis sliquam uturna inibh vestibulum cursus inquis turpis.</p><p>‍</p><p>The rich text element allows you to create and format headings, paragraphs, blockquotes, images, and video all in one place instead of having to add and format them individually. Just double-click and easily create content. Nulla interdum facilisis odio placerat convallis. Vestibulum purus est dictum actellus atfacilisis pharetra massa. Phasellus non aliquet ligula quis tempus nunc. Curabitur maximuse. Fusceet dui aenim aliquet facilisis sliquam uturna inibh vestibulum cursus inquis turpis.</p>",cobra-carbide,word-of-god
Marketing Department Creation ◦ COBRA CARBIDE,cobra-carbide,661ebea157d83e598ce0e44c,661ebea157d83e598ce0e425,661ebea157d83e598ce0e4c3,false,false,Tue Sep 12 2023 11:49:42 GMT+0000 (Coordinated Universal Time),Wed May 01 2024 19:06:21 GMT+0000 (Coordinated Universal Time),Wed May 01 2024 19:06:34 GMT+0000 (Coordinated Universal Time),COBRA CARBIDE,06,Consultancy,https://uploads-ssl.webflow.com/661ebea157d83e598ce0e44a/66327a538aac129865bc50e1_fG3pvyekN5R_nblna8F4_xLmI7_UcMp9_kQ8czaHUnc.png,"<h2>MAECENAS POSUERE QUIEX UT TEMPOR. SUSPENDISSE DUI NULLA MOLLIS VITAE ANTE NEC COMMODO BIBENDUM JUSTO AENEAN CONDI MENTUM COMIN.</h2><p>The rich text element allows you to create and format headings, paragraphs, blockquotes, images, and video all in one place instead of having to add and format them individually. Just double-click and easily create content. Nulla interdum facilisis odio placerat convallis. Vestibulum purus est dictum actellus atfacilisis pharetra massa. Phasellus non aliquet ligula quis tempus nunc. Curabitur maximuse. Fusceet dui aenim aliquet facilisis sliquam uturna inibh vestibulum cursus inquis turpis.</p>",https://uploads-ssl.webflow.com/661ebea157d83e598ce0e44a/66327a538aac129865bc50e4_s_G69ndBpTzFDdb5aVTW_G6JdHF1NR5ijnt3HM-k-8k.jpeg,"<p>The rich text element allows you to create and format headings, paragraphs, blockquotes, images, and video all in one place instead of having to add and format them individually. Just double-click and easily create content. Nulla interdum facilisis odio placerat convallis. Vestibulum purus est dictum actellus atfacilisis pharetra massa. Phasellus non aliquet ligula quis tempus nunc. Curabitur maximuse. Fusceet dui aenim aliquet facilisis sliquam uturna inibh vestibulum cursus inquis turpis.</p><h6>-----</h6><h3>MAECENAS POSUERE QUIEX UT TEMPOR. SUSPENDISSE DUI NULLA MOLLIS VITAE ANTE NEC COMMODO BIBENDUM JUSTO AENEAN CONDI MENTUM COMIN.</h3><p>The rich text element allows you to create and format headings, paragraphs, blockquotes, images, and video all in one place instead of having to add and format them individually. Just double-click and easily create content. Nulla interdum facilisis odio placerat convallis. Vestibulum purus est dictum actellus atfacilisis pharetra massa. Phasellus non aliquet ligula quis tempus nunc. Curabitur maximuse. Fusceet dui aenim aliquet facilisis sliquam uturna inibh vestibulum cursus inquis turpis.</p>",https://uploads-ssl.webflow.com/661ebea157d83e598ce0e44a/66327a538aac129865bc50de__nth-fCshpPG12dhGZe_NiR8GkuNGW70vk7mDdrcJNw.jpeg,"<h3>MAECENAS POSUERE QUIEX UT TEMPOR. SUSPENDISSE DUI NULLA MOLLIS VITAE ANTE NEC COMMODO BIBENDUM JUSTO AENEAN CONDI MENTUM COMIN.</h3><p>The rich text element allows you to create and format headings, paragraphs, blockquotes, images, and video all in one place instead of having to add and format them individually. Just double-click and easily create content. Nulla interdum facilisis odio placerat convallis. Vestibulum purus est dictum actellus atfacilisis pharetra massa. Phasellus non aliquet ligula quis tempus nunc. Curabitur maximuse. Fusceet dui aenim aliquet facilisis sliquam uturna inibh vestibulum cursus inquis turpis.</p><p>‍</p><p>The rich text element allows you to create and format headings, paragraphs, blockquotes, images, and video all in one place instead of having to add and format them individually. Just double-click and easily create content. Nulla interdum facilisis odio placerat convallis. Vestibulum purus est dictum actellus atfacilisis pharetra massa. Phasellus non aliquet ligula quis tempus nunc. Curabitur maximuse. Fusceet dui aenim aliquet facilisis sliquam uturna inibh vestibulum cursus inquis turpis.</p>",ideamarket,tmc-team
Media Department Creation ◦ THE WAY,the-way,661ebea157d83e598ce0e44c,661ebea157d83e598ce0e425,661ebea157d83e598ce0e4c5,false,false,Mon Sep 11 2023 14:37:16 GMT+0000 (Coordinated Universal Time),Wed May 01 2024 19:06:15 GMT+0000 (Coordinated Universal Time),Wed May 01 2024 19:06:34 GMT+0000 (Coordinated Universal Time),THE WAY WORLD OUTREACH,01,Consultancy,https://uploads-ssl.webflow.com/661ebea157d83e598ce0e44a/66327a4dd73c629830462c65_unsp2rHYiEFvcTvTFWgQA-BegVZ7AA36Y59StcIF4kA.jpeg,"<h2>MAECENAS POSUERE QUIEX UT TEMPOR. SUSPENDISSE DUI NULLA MOLLIS VITAE ANTE NEC COMMODO BIBENDUM JUSTO AENEAN CONDI MENTUM COMIN.</h2><p>The rich text element allows you to create and format headings, paragraphs, blockquotes, images, and video all in one place instead of having to add and format them individually. Just double-click and easily create content. Nulla interdum facilisis odio placerat convallis. Vestibulum purus est dictum actellus atfacilisis pharetra massa. Phasellus non aliquet ligula quis tempus nunc. Curabitur maximuse. Fusceet dui aenim aliquet facilisis sliquam uturna inibh vestibulum cursus inquis turpis.</p>",https://uploads-ssl.webflow.com/661ebea157d83e598ce0e44a/66327a4dd73c629830462c69_TpNFeKrxfgTWu8jWLOGYyOhH0RpNaPByDH8lTFk3lCg.jpeg,"<p>The rich text element allows you to create and format headings, paragraphs, blockquotes, images, and video all in one place instead of having to add and format them individually. Just double-click and easily create content. Nulla interdum facilisis odio placerat convallis. Vestibulum purus est dictum actellus atfacilisis pharetra massa. Phasellus non aliquet ligula quis tempus nunc. Curabitur maximuse. Fusceet dui aenim aliquet facilisis sliquam uturna inibh vestibulum cursus inquis turpis.</p><h6>-----</h6><h3>MAECENAS POSUERE QUIEX UT TEMPOR. SUSPENDISSE DUI NULLA MOLLIS VITAE ANTE NEC COMMODO BIBENDUM JUSTO AENEAN CONDI MENTUM COMIN.</h3><p>The rich text element allows you to create and format headings, paragraphs, blockquotes, images, and video all in one place instead of having to add and format them individually. Just double-click and easily create content. Nulla interdum facilisis odio placerat convallis. Vestibulum purus est dictum actellus atfacilisis pharetra massa. Phasellus non aliquet ligula quis tempus nunc. Curabitur maximuse. Fusceet dui aenim aliquet facilisis sliquam uturna inibh vestibulum cursus inquis turpis.</p>",https://uploads-ssl.webflow.com/661ebea157d83e598ce0e44a/66327a4dd73c629830462c61_xaleTfR8KqTatcAvIpfPD5rEOPx2q9m6WdSCBECnXRs.jpeg,"<h3>MAECENAS POSUERE QUIEX UT TEMPOR. SUSPENDISSE DUI NULLA MOLLIS VITAE ANTE NEC COMMODO BIBENDUM JUSTO AENEAN CONDI MENTUM COMIN.</h3><p>The rich text element allows you to create and format headings, paragraphs, blockquotes, images, and video all in one place instead of having to add and format them individually. Just double-click and easily create content. Nulla interdum facilisis odio placerat convallis. Vestibulum purus est dictum actellus atfacilisis pharetra massa. Phasellus non aliquet ligula quis tempus nunc. Curabitur maximuse. Fusceet dui aenim aliquet facilisis sliquam uturna inibh vestibulum cursus inquis turpis.</p><p>‍</p><p>The rich text element allows you to create and format headings, paragraphs, blockquotes, images, and video all in one place instead of having to add and format them individually. Just double-click and easily create content. Nulla interdum facilisis odio placerat convallis. Vestibulum purus est dictum actellus atfacilisis pharetra massa. Phasellus non aliquet ligula quis tempus nunc. Curabitur maximuse. Fusceet dui aenim aliquet facilisis sliquam uturna inibh vestibulum cursus inquis turpis.</p>",,pro-choice-contractors
Non-Profit Search Strategy ◦ WOVEN & FRIENDS,woven-friends,661ebea157d83e598ce0e44c,661ebea157d83e598ce0e425,661ed00f242bf71044e20fb8,false,false,Tue Apr 16 2024 19:22:55 GMT+0000 (Coordinated Universal Time),Wed May 01 2024 19:06:16 GMT+0000 (Coordinated Universal Time),Wed May 01 2024 19:06:34 GMT+0000 (Coordinated Universal Time),WOVEN & FRIENDS,01,Search Strategy,https://uploads-ssl.webflow.com/661ebea157d83e598ce0e44a/66327f68ef45539f4b2e79b1_wsruJXLOZ5iJ3kUyoyy8y6gHi4IR5Dj5AZhlSMt1l7A.jpeg,"<h2>MAECENAS POSUERE QUIEX UT TEMPOR. SUSPENDISSE DUI NULLA MOLLIS VITAE ANTE NEC COMMODO BIBENDUM JUSTO AENEAN CONDI MENTUM COMIN.</h2><p>The rich text element allows you to create and format headings, paragraphs, blockquotes, images, and video all in one place instead of having to add and format them individually. Just double-click and easily create content. Nulla interdum facilisis odio placerat convallis. Vestibulum purus est dictum actellus atfacilisis pharetra massa. Phasellus non aliquet ligula quis tempus nunc. Curabitur maximuse. Fusceet dui aenim aliquet facilisis sliquam uturna inibh vestibulum cursus inquis turpis.</p>",https://uploads-ssl.webflow.com/661ebea157d83e598ce0e44a/66327a4c7ebc4c0954ea6864_759cvQCqc4_H3jjsRDB8zR3FhLQdh6tMoyqFj_R3eRE.jpeg,"<p>The rich text element allows you to create and format headings, paragraphs, blockquotes, images, and video all in one place instead of having to add and format them individually. Just double-click and easily create content. Nulla interdum facilisis odio placerat convallis. Vestibulum purus est dictum actellus atfacilisis pharetra massa. Phasellus non aliquet ligula quis tempus nunc. Curabitur maximuse. Fusceet dui aenim aliquet facilisis sliquam uturna inibh vestibulum cursus inquis turpis.</p><h6>-----</h6><h3>MAECENAS POSUERE QUIEX UT TEMPOR. SUSPENDISSE DUI NULLA MOLLIS VITAE ANTE NEC COMMODO BIBENDUM JUSTO AENEAN CONDI MENTUM COMIN.</h3><p>The rich text element allows you to create and format headings, paragraphs, blockquotes, images, and video all in one place instead of having to add and format them individually. Just double-click and easily create content. Nulla interdum facilisis odio placerat convallis. Vestibulum purus est dictum actellus atfacilisis pharetra massa. Phasellus non aliquet ligula quis tempus nunc. Curabitur maximuse. Fusceet dui aenim aliquet facilisis sliquam uturna inibh vestibulum cursus inquis turpis.</p>",https://uploads-ssl.webflow.com/661ebea157d83e598ce0e44a/66327a4c7ebc4c0954ea684f__qFrt8X30IylyXeNfLL4DhtVAkKX7SO5rxs9B_n-t5k.jpeg,"<h3>MAECENAS POSUERE QUIEX UT TEMPOR. SUSPENDISSE DUI NULLA MOLLIS VITAE ANTE NEC COMMODO BIBENDUM JUSTO AENEAN CONDI MENTUM COMIN.</h3><p>The rich text element allows you to create and format headings, paragraphs, blockquotes, images, and video all in one place instead of having to add and format them individually. Just double-click and easily create content. Nulla interdum facilisis odio placerat convallis. Vestibulum purus est dictum actellus atfacilisis pharetra massa. Phasellus non aliquet ligula quis tempus nunc. Curabitur maximuse. Fusceet dui aenim aliquet facilisis sliquam uturna inibh vestibulum cursus inquis turpis.</p><p>‍</p><p>The rich text element allows you to create and format headings, paragraphs, blockquotes, images, and video all in one place instead of having to add and format them individually. Just double-click and easily create content. Nulla interdum facilisis odio placerat convallis. Vestibulum purus est dictum actellus atfacilisis pharetra massa. Phasellus non aliquet ligula quis tempus nunc. Curabitur maximuse. Fusceet dui aenim aliquet facilisis sliquam uturna inibh vestibulum cursus inquis turpis.</p>",,
Organic Search Department Creation ◦ GREY MATTER,grey-matter,661ebea157d83e598ce0e44c,661ebea157d83e598ce0e425,661ebea157d83e598ce0e4c2,false,false,Tue Sep 12 2023 14:08:15 GMT+0000 (Coordinated Universal Time),Wed May 01 2024 19:06:23 GMT+0000 (Coordinated Universal Time),Wed May 01 2024 19:06:34 GMT+0000 (Coordinated Universal Time),GREY MATTER,09,Search Strategy,https://uploads-ssl.webflow.com/661ebea157d83e598ce0e44a/66327c1149167a8c6529419e_kkvmRs9bKRhnr0SN1d17mZlqJGG_D_HuXk8OxyQCrQo.jpeg,"<h2>MAECENAS POSUERE QUIEX UT TEMPOR. SUSPENDISSE DUI NULLA MOLLIS VITAE ANTE NEC COMMODO BIBENDUM JUSTO AENEAN CONDI MENTUM COMIN.</h2><p>The rich text element allows you to create and format headings, paragraphs, blockquotes, images, and video all in one place instead of having to add and format them individually. Just double-click and easily create content. Nulla interdum facilisis odio placerat convallis. Vestibulum purus est dictum actellus atfacilisis pharetra massa. Phasellus non aliquet ligula quis tempus nunc. Curabitur maximuse. Fusceet dui aenim aliquet facilisis sliquam uturna inibh vestibulum cursus inquis turpis.</p>",https://uploads-ssl.webflow.com/661ebea157d83e598ce0e44a/66327c1149167a8c6529419b_b6jGG6863hfW2o76Ugr5n5CZmONUeMk3L53eQizZDSk.jpeg,"<p>The rich text element allows you to create and format headings, paragraphs, blockquotes, images, and video all in one place instead of having to add and format them individually. Just double-click and easily create content. Nulla interdum facilisis odio placerat convallis. Vestibulum purus est dictum actellus atfacilisis pharetra massa. Phasellus non aliquet ligula quis tempus nunc. Curabitur maximuse. Fusceet dui aenim aliquet facilisis sliquam uturna inibh vestibulum cursus inquis turpis.</p><h6>-----</h6><h3>MAECENAS POSUERE QUIEX UT TEMPOR. SUSPENDISSE DUI NULLA MOLLIS VITAE ANTE NEC COMMODO BIBENDUM JUSTO AENEAN CONDI MENTUM COMIN.</h3><p>The rich text element allows you to create and format headings, paragraphs, blockquotes, images, and video all in one place instead of having to add and format them individually. Just double-click and easily create content. Nulla interdum facilisis odio placerat convallis. Vestibulum purus est dictum actellus atfacilisis pharetra massa. Phasellus non aliquet ligula quis tempus nunc. Curabitur maximuse. Fusceet dui aenim aliquet facilisis sliquam uturna inibh vestibulum cursus inquis turpis.</p>",https://uploads-ssl.webflow.com/661ebea157d83e598ce0e44a/66327c1149167a8c652941a1_meanVmG1h9g05i-f8m9cOTQ5B71402FSOx-R8UBZbV4.jpeg,"<h3>MAECENAS POSUERE QUIEX UT TEMPOR. SUSPENDISSE DUI NULLA MOLLIS VITAE ANTE NEC COMMODO BIBENDUM JUSTO AENEAN CONDI MENTUM COMIN.</h3><p>The rich text element allows you to create and format headings, paragraphs, blockquotes, images, and video all in one place instead of having to add and format them individually. Just double-click and easily create content. Nulla interdum facilisis odio placerat convallis. Vestibulum purus est dictum actellus atfacilisis pharetra massa. Phasellus non aliquet ligula quis tempus nunc. Curabitur maximuse. Fusceet dui aenim aliquet facilisis sliquam uturna inibh vestibulum cursus inquis turpis.</p><p>‍</p><p>The rich text element allows you to create and format headings, paragraphs, blockquotes, images, and video all in one place instead of having to add and format them individually. Just double-click and easily create content. Nulla interdum facilisis odio placerat convallis. Vestibulum purus est dictum actellus atfacilisis pharetra massa. Phasellus non aliquet ligula quis tempus nunc. Curabitur maximuse. Fusceet dui aenim aliquet facilisis sliquam uturna inibh vestibulum cursus inquis turpis.</p>",word-of-god,befound-today
Production Department Creation ◦ WORD OF GOD,word-of-god,661ebea157d83e598ce0e44c,661ebea157d83e598ce0e425,661ebea157d83e598ce0e46e,false,false,Tue Sep 12 2023 14:07:07 GMT+0000 (Coordinated Universal Time),Wed May 01 2024 19:06:22 GMT+0000 (Coordinated Universal Time),Wed May 01 2024 19:06:34 GMT+0000 (Coordinated Universal Time),WORD OF GOD FELLOWSHIP,08,Consultancy,https://uploads-ssl.webflow.com/661ebea157d83e598ce0e44a/66327a546762e0da86db5d3d_EtLgQ2Tj_cwdVYXtx_mDcZgMWt_AazHrhKlzYmP_jEw.jpeg,"<h2>MAECENAS POSUERE QUIEX UT TEMPOR. SUSPENDISSE DUI NULLA MOLLIS VITAE ANTE NEC COMMODO BIBENDUM JUSTO AENEAN CONDI MENTUM COMIN.</h2><p>The rich text element allows you to create and format headings, paragraphs, blockquotes, images, and video all in one place instead of having to add and format them individually. Just double-click and easily create content. Nulla interdum facilisis odio placerat convallis. Vestibulum purus est dictum actellus atfacilisis pharetra massa. Phasellus non aliquet ligula quis tempus nunc. Curabitur maximuse. Fusceet dui aenim aliquet facilisis sliquam uturna inibh vestibulum cursus inquis turpis.</p>",https://uploads-ssl.webflow.com/661ebea157d83e598ce0e44a/66327a546762e0da86db5d9a_fYV4RPMJyc--7LWhxh9kF3NUNpGNui7-ams-zXqIjf8.jpeg,"<p>The rich text element allows you to create and format headings, paragraphs, blockquotes, images, and video all in one place instead of having to add and format them individually. Just double-click and easily create content. Nulla interdum facilisis odio placerat convallis. Vestibulum purus est dictum actellus atfacilisis pharetra massa. Phasellus non aliquet ligula quis tempus nunc. Curabitur maximuse. Fusceet dui aenim aliquet facilisis sliquam uturna inibh vestibulum cursus inquis turpis.</p><h6>-----</h6><h3>MAECENAS POSUERE QUIEX UT TEMPOR. SUSPENDISSE DUI NULLA MOLLIS VITAE ANTE NEC COMMODO BIBENDUM JUSTO AENEAN CONDI MENTUM COMIN.</h3><p>The rich text element allows you to create and format headings, paragraphs, blockquotes, images, and video all in one place instead of having to add and format them individually. Just double-click and easily create content. Nulla interdum facilisis odio placerat convallis. Vestibulum purus est dictum actellus atfacilisis pharetra massa. Phasellus non aliquet ligula quis tempus nunc. Curabitur maximuse. Fusceet dui aenim aliquet facilisis sliquam uturna inibh vestibulum cursus inquis turpis.</p>",https://uploads-ssl.webflow.com/661ebea157d83e598ce0e44a/66327a546762e0da86db5d96_9AZd2Ez0FG6C-mlGvzfD33VFC93ppUUPUkvg9nQfwwc.jpeg,"<h3>MAECENAS POSUERE QUIEX UT TEMPOR. SUSPENDISSE DUI NULLA MOLLIS VITAE ANTE NEC COMMODO BIBENDUM JUSTO AENEAN CONDI MENTUM COMIN.</h3><p>The rich text element allows you to create and format headings, paragraphs, blockquotes, images, and video all in one place instead of having to add and format them individually. Just double-click and easily create content. Nulla interdum facilisis odio placerat convallis. Vestibulum purus est dictum actellus atfacilisis pharetra massa. Phasellus non aliquet ligula quis tempus nunc. Curabitur maximuse. Fusceet dui aenim aliquet facilisis sliquam uturna inibh vestibulum cursus inquis turpis.</p><p>‍</p><p>The rich text element allows you to create and format headings, paragraphs, blockquotes, images, and video all in one place instead of having to add and format them individually. Just double-click and easily create content. Nulla interdum facilisis odio placerat convallis. Vestibulum purus est dictum actellus atfacilisis pharetra massa. Phasellus non aliquet ligula quis tempus nunc. Curabitur maximuse. Fusceet dui aenim aliquet facilisis sliquam uturna inibh vestibulum cursus inquis turpis.</p>",tmc-team,grey-matter
Psychedelic Search Strategy ◦ SHROOMSPY,shroomspy,661ebea157d83e598ce0e44c,661ebea157d83e598ce0e425,661ed13846e3651496238f16,false,false,Tue Apr 16 2024 19:27:52 GMT+0000 (Coordinated Universal Time),Wed May 01 2024 19:06:17 GMT+0000 (Coordinated Universal Time),Wed May 01 2024 19:06:34 GMT+0000 (Coordinated Universal Time),SHROOMSPY,01,Search Strategy,https://uploads-ssl.webflow.com/661ebea157d83e598ce0e44a/66327f6a73b8a3e0b026f429_sce3uP3IAGpIZdiYDNaJhflzVw9t7cnaFNdCSpBeBCU.webp,"<h2>MAECENAS POSUERE QUIEX UT TEMPOR. SUSPENDISSE DUI NULLA MOLLIS VITAE ANTE NEC COMMODO BIBENDUM JUSTO AENEAN CONDI MENTUM COMIN.</h2><p>The rich text element allows you to create and format headings, paragraphs, blockquotes, images, and video all in one place instead of having to add and format them individually. Just double-click and easily create content. Nulla interdum facilisis odio placerat convallis. Vestibulum purus est dictum actellus atfacilisis pharetra massa. Phasellus non aliquet ligula quis tempus nunc. Curabitur maximuse. Fusceet dui aenim aliquet facilisis sliquam uturna inibh vestibulum cursus inquis turpis.</p>",https://uploads-ssl.webflow.com/661ebea157d83e598ce0e44a/66327a4c7ebc4c0954ea6864_759cvQCqc4_H3jjsRDB8zR3FhLQdh6tMoyqFj_R3eRE.jpeg,"<p>The rich text element allows you to create and format headings, paragraphs, blockquotes, images, and video all in one place instead of having to add and format them individually. Just double-click and easily create content. Nulla interdum facilisis odio placerat convallis. Vestibulum purus est dictum actellus atfacilisis pharetra massa. Phasellus non aliquet ligula quis tempus nunc. Curabitur maximuse. Fusceet dui aenim aliquet facilisis sliquam uturna inibh vestibulum cursus inquis turpis.</p><h6>-----</h6><h3>MAECENAS POSUERE QUIEX UT TEMPOR. SUSPENDISSE DUI NULLA MOLLIS VITAE ANTE NEC COMMODO BIBENDUM JUSTO AENEAN CONDI MENTUM COMIN.</h3><p>The rich text element allows you to create and format headings, paragraphs, blockquotes, images, and video all in one place instead of having to add and format them individually. Just double-click and easily create content. Nulla interdum facilisis odio placerat convallis. Vestibulum purus est dictum actellus atfacilisis pharetra massa. Phasellus non aliquet ligula quis tempus nunc. Curabitur maximuse. Fusceet dui aenim aliquet facilisis sliquam uturna inibh vestibulum cursus inquis turpis.</p>",https://uploads-ssl.webflow.com/661ebea157d83e598ce0e44a/66327a4c7ebc4c0954ea684f__qFrt8X30IylyXeNfLL4DhtVAkKX7SO5rxs9B_n-t5k.jpeg,"<h3>MAECENAS POSUERE QUIEX UT TEMPOR. SUSPENDISSE DUI NULLA MOLLIS VITAE ANTE NEC COMMODO BIBENDUM JUSTO AENEAN CONDI MENTUM COMIN.</h3><p>The rich text element allows you to create and format headings, paragraphs, blockquotes, images, and video all in one place instead of having to add and format them individually. Just double-click and easily create content. Nulla interdum facilisis odio placerat convallis. Vestibulum purus est dictum actellus atfacilisis pharetra massa. Phasellus non aliquet ligula quis tempus nunc. Curabitur maximuse. Fusceet dui aenim aliquet facilisis sliquam uturna inibh vestibulum cursus inquis turpis.</p><p>‍</p><p>The rich text element allows you to create and format headings, paragraphs, blockquotes, images, and video all in one place instead of having to add and format them individually. Just double-click and easily create content. Nulla interdum facilisis odio placerat convallis. Vestibulum purus est dictum actellus atfacilisis pharetra massa. Phasellus non aliquet ligula quis tempus nunc. Curabitur maximuse. Fusceet dui aenim aliquet facilisis sliquam uturna inibh vestibulum cursus inquis turpis.</p>",,
SEO Agency for Business Owners ◦ FOUND ,befound-today,661ebea157d83e598ce0e44c,661ebea157d83e598ce0e425,661ebea157d83e598ce0e4e3,false,false,Mon Oct 30 2023 13:09:41 GMT+0000 (Coordinated Universal Time),Wed May 01 2024 19:06:13 GMT+0000 (Coordinated Universal Time),Wed May 01 2024 19:06:34 GMT+0000 (Coordinated Universal Time),FOUND,01,Consultancy,https://uploads-ssl.webflow.com/661ebea157d83e598ce0e44a/6632866a0f6f2da049ee0a8b_NBnowjksRJ9hJne6CEIUVKqs5C1cAkd1fWU_4Cpx2d0.jpeg,"<h2>MAECENAS POSUERE QUIEX UT TEMPOR. SUSPENDISSE DUI NULLA MOLLIS VITAE ANTE NEC COMMODO BIBENDUM JUSTO AENEAN CONDI MENTUM COMIN.</h2><p>The rich text element allows you to create and format headings, paragraphs, blockquotes, images, and video all in one place instead of having to add and format them individually. Just double-click and easily create content. Nulla interdum facilisis odio placerat convallis. Vestibulum purus est dictum actellus atfacilisis pharetra massa. Phasellus non aliquet ligula quis tempus nunc. Curabitur maximuse. Fusceet dui aenim aliquet facilisis sliquam uturna inibh vestibulum cursus inquis turpis.</p>",https://uploads-ssl.webflow.com/661ebea157d83e598ce0e44a/66327a4c7ebc4c0954ea6864_759cvQCqc4_H3jjsRDB8zR3FhLQdh6tMoyqFj_R3eRE.jpeg,"<p>The rich text element allows you to create and format headings, paragraphs, blockquotes, images, and video all in one place instead of having to add and format them individually. Just double-click and easily create content. Nulla interdum facilisis odio placerat convallis. Vestibulum purus est dictum actellus atfacilisis pharetra massa. Phasellus non aliquet ligula quis tempus nunc. Curabitur maximuse. Fusceet dui aenim aliquet facilisis sliquam uturna inibh vestibulum cursus inquis turpis.</p><h6>-----</h6><h3>MAECENAS POSUERE QUIEX UT TEMPOR. SUSPENDISSE DUI NULLA MOLLIS VITAE ANTE NEC COMMODO BIBENDUM JUSTO AENEAN CONDI MENTUM COMIN.</h3><p>The rich text element allows you to create and format headings, paragraphs, blockquotes, images, and video all in one place instead of having to add and format them individually. Just double-click and easily create content. Nulla interdum facilisis odio placerat convallis. Vestibulum purus est dictum actellus atfacilisis pharetra massa. Phasellus non aliquet ligula quis tempus nunc. Curabitur maximuse. Fusceet dui aenim aliquet facilisis sliquam uturna inibh vestibulum cursus inquis turpis.</p>",https://uploads-ssl.webflow.com/661ebea157d83e598ce0e44a/66327a4c7ebc4c0954ea684f__qFrt8X30IylyXeNfLL4DhtVAkKX7SO5rxs9B_n-t5k.jpeg,"<h3>MAECENAS POSUERE QUIEX UT TEMPOR. SUSPENDISSE DUI NULLA MOLLIS VITAE ANTE NEC COMMODO BIBENDUM JUSTO AENEAN CONDI MENTUM COMIN.</h3><p>The rich text element allows you to create and format headings, paragraphs, blockquotes, images, and video all in one place instead of having to add and format them individually. Just double-click and easily create content. Nulla interdum facilisis odio placerat convallis. Vestibulum purus est dictum actellus atfacilisis pharetra massa. Phasellus non aliquet ligula quis tempus nunc. Curabitur maximuse. Fusceet dui aenim aliquet facilisis sliquam uturna inibh vestibulum cursus inquis turpis.</p><p>‍</p><p>The rich text element allows you to create and format headings, paragraphs, blockquotes, images, and video all in one place instead of having to add and format them individually. Just double-click and easily create content. Nulla interdum facilisis odio placerat convallis. Vestibulum purus est dictum actellus atfacilisis pharetra massa. Phasellus non aliquet ligula quis tempus nunc. Curabitur maximuse. Fusceet dui aenim aliquet facilisis sliquam uturna inibh vestibulum cursus inquis turpis.</p>",grey-matter,
Website Creation ◦ FUTURE PROOF STRATEGIES,future-proof-strategies,661ebea157d83e598ce0e44c,661ebea157d83e598ce0e425,661ebea157d83e598ce0e4c4,false,false,Mon Sep 11 2023 14:37:16 GMT+0000 (Coordinated Universal Time),Wed May 01 2024 19:06:19 GMT+0000 (Coordinated Universal Time),Wed May 01 2024 19:06:34 GMT+0000 (Coordinated Universal Time),FUTURE PROOF STRATEGIES,03,Search Strategy,https://uploads-ssl.webflow.com/661ebea157d83e598ce0e44a/66327a4fabb6604cb084cdce_TjCjfsE4fk01LShX841cvyyqPIbZ-iqNq78NLLP1RGE.jpeg,"<h2>MAECENAS POSUERE QUIEX UT TEMPOR. SUSPENDISSE DUI NULLA MOLLIS VITAE ANTE NEC COMMODO BIBENDUM JUSTO AENEAN CONDI MENTUM COMIN.</h2><p>The rich text element allows you to create and format headings, paragraphs, blockquotes, images, and video all in one place instead of having to add and format them individually. Just double-click and easily create content. Nulla interdum facilisis odio placerat convallis. Vestibulum purus est dictum actellus atfacilisis pharetra massa. Phasellus non aliquet ligula quis tempus nunc. Curabitur maximuse. Fusceet dui aenim aliquet facilisis sliquam uturna inibh vestibulum cursus inquis turpis.</p>",https://uploads-ssl.webflow.com/661ebea157d83e598ce0e44a/66327a4fabb6604cb084cdcb_cWUi4mKqfB0rM2l-zInFSH0noT4ZC3ehk_2XR01fh2I.jpeg,"<p>The rich text element allows you to create and format headings, paragraphs, blockquotes, images, and video all in one place instead of having to add and format them individually. Just double-click and easily create content. Nulla interdum facilisis odio placerat convallis. Vestibulum purus est dictum actellus atfacilisis pharetra massa. Phasellus non aliquet ligula quis tempus nunc. Curabitur maximuse. Fusceet dui aenim aliquet facilisis sliquam uturna inibh vestibulum cursus inquis turpis.</p><h6>-----</h6><h3>MAECENAS POSUERE QUIEX UT TEMPOR. SUSPENDISSE DUI NULLA MOLLIS VITAE ANTE NEC COMMODO BIBENDUM JUSTO AENEAN CONDI MENTUM COMIN.</h3><p>The rich text element allows you to create and format headings, paragraphs, blockquotes, images, and video all in one place instead of having to add and format them individually. Just double-click and easily create content. Nulla interdum facilisis odio placerat convallis. Vestibulum purus est dictum actellus atfacilisis pharetra massa. Phasellus non aliquet ligula quis tempus nunc. Curabitur maximuse. Fusceet dui aenim aliquet facilisis sliquam uturna inibh vestibulum cursus inquis turpis.</p>",https://uploads-ssl.webflow.com/661ebea157d83e598ce0e44a/66327a4fabb6604cb084cf57_YhD96Hq-tpmP6MOOHpW-odBQHNk9RrriWIkBCyWk7bE.jpeg,"<h3>MAECENAS POSUERE QUIEX UT TEMPOR. SUSPENDISSE DUI NULLA MOLLIS VITAE ANTE NEC COMMODO BIBENDUM JUSTO AENEAN CONDI MENTUM COMIN.</h3><p>The rich text element allows you to create and format headings, paragraphs, blockquotes, images, and video all in one place instead of having to add and format them individually. Just double-click and easily create content. Nulla interdum facilisis odio placerat convallis. Vestibulum purus est dictum actellus atfacilisis pharetra massa. Phasellus non aliquet ligula quis tempus nunc. Curabitur maximuse. Fusceet dui aenim aliquet facilisis sliquam uturna inibh vestibulum cursus inquis turpis.</p><p>‍</p><p>The rich text element allows you to create and format headings, paragraphs, blockquotes, images, and video all in one place instead of having to add and format them individually. Just double-click and easily create content. Nulla interdum facilisis odio placerat convallis. Vestibulum purus est dictum actellus atfacilisis pharetra massa. Phasellus non aliquet ligula quis tempus nunc. Curabitur maximuse. Fusceet dui aenim aliquet facilisis sliquam uturna inibh vestibulum cursus inquis turpis.</p>",pro-choice-contractors,soybase
Website Creation ◦ PRO CHOICE CONTRACTORS,pro-choice-contractors,661ebea157d83e598ce0e44c,661ebea157d83e598ce0e425,661ebea157d83e598ce0e48b,false,false,Mon Sep 11 2023 14:37:16 GMT+0000 (Coordinated Universal Time),Wed May 01 2024 19:06:18 GMT+0000 (Coordinated Universal Time),Wed May 01 2024 19:06:34 GMT+0000 (Coordinated Universal Time),PRO CHOICE CONTRACTORS,02,Search Strategy,https://uploads-ssl.webflow.com/661ebea157d83e598ce0e44a/66327a4ea08b65c6c4fe6733_jsWNqNemK__HrYIbxQkwuexX-VzAhXrYvNyhTFdQv4Y.jpeg,"<h2>MAECENAS POSUERE QUIEX UT TEMPOR. SUSPENDISSE DUI NULLA MOLLIS VITAE ANTE NEC COMMODO BIBENDUM JUSTO AENEAN CONDI MENTUM COMIN.</h2><p>The rich text element allows you to create and format headings, paragraphs, blockquotes, images, and video all in one place instead of having to add and format them individually. Just double-click and easily create content. Nulla interdum facilisis odio placerat convallis. Vestibulum purus est dictum actellus atfacilisis pharetra massa. Phasellus non aliquet ligula quis tempus nunc. Curabitur maximuse. Fusceet dui aenim aliquet facilisis sliquam uturna inibh vestibulum cursus inquis turpis.</p>",https://uploads-ssl.webflow.com/661ebea157d83e598ce0e44a/66327a4ea08b65c6c4fe6736_0ebdkRGBovWaeBMeE3AOF2xqIkn29ym4jOBmYI13Yiw.jpeg,"<p>The rich text element allows you to create and format headings, paragraphs, blockquotes, images, and video all in one place instead of having to add and format them individually. Just double-click and easily create content. Nulla interdum facilisis odio placerat convallis. Vestibulum purus est dictum actellus atfacilisis pharetra massa. Phasellus non aliquet ligula quis tempus nunc. Curabitur maximuse. Fusceet dui aenim aliquet facilisis sliquam uturna inibh vestibulum cursus inquis turpis.</p><h6>-----</h6><h3>MAECENAS POSUERE QUIEX UT TEMPOR. SUSPENDISSE DUI NULLA MOLLIS VITAE ANTE NEC COMMODO BIBENDUM JUSTO AENEAN CONDI MENTUM COMIN.</h3><p>The rich text element allows you to create and format headings, paragraphs, blockquotes, images, and video all in one place instead of having to add and format them individually. Just double-click and easily create content. Nulla interdum facilisis odio placerat convallis. Vestibulum purus est dictum actellus atfacilisis pharetra massa. Phasellus non aliquet ligula quis tempus nunc. Curabitur maximuse. Fusceet dui aenim aliquet facilisis sliquam uturna inibh vestibulum cursus inquis turpis.</p>",https://uploads-ssl.webflow.com/661ebea157d83e598ce0e44a/66327a4ea08b65c6c4fe6730_y2ga1Nft8cBrtDV9tETVpvQSJlgRX4tgLerLlOi-whM.jpeg,"<h3>MAECENAS POSUERE QUIEX UT TEMPOR. SUSPENDISSE DUI NULLA MOLLIS VITAE ANTE NEC COMMODO BIBENDUM JUSTO AENEAN CONDI MENTUM COMIN.</h3><p>The rich text element allows you to create and format headings, paragraphs, blockquotes, images, and video all in one place instead of having to add and format them individually. Just double-click and easily create content. Nulla interdum facilisis odio placerat convallis. Vestibulum purus est dictum actellus atfacilisis pharetra massa. Phasellus non aliquet ligula quis tempus nunc. Curabitur maximuse. Fusceet dui aenim aliquet facilisis sliquam uturna inibh vestibulum cursus inquis turpis.</p><p>‍</p><p>The rich text element allows you to create and format headings, paragraphs, blockquotes, images, and video all in one place instead of having to add and format them individually. Just double-click and easily create content. Nulla interdum facilisis odio placerat convallis. Vestibulum purus est dictum actellus atfacilisis pharetra massa. Phasellus non aliquet ligula quis tempus nunc. Curabitur maximuse. Fusceet dui aenim aliquet facilisis sliquam uturna inibh vestibulum cursus inquis turpis.</p>",the-way,future-proof-strategies
Website Creation ◦ SOYBASE,soybase,661ebea157d83e598ce0e44c,661ebea157d83e598ce0e425,661ebea157d83e598ce0e4a7,false,false,Mon Sep 11 2023 14:37:16 GMT+0000 (Coordinated Universal Time),Wed May 01 2024 19:06:20 GMT+0000 (Coordinated Universal Time),Wed May 01 2024 19:06:34 GMT+0000 (Coordinated Universal Time),SOYBASE,04,Search Strategy,https://uploads-ssl.webflow.com/661ebea157d83e598ce0e44a/66327a514256993dab9b12cc_fQz6LFUaC6P53vQ-Rnjp4B1U6ZzTca0O1qcV2bBEw1Q.jpeg,"<h2>MAECENAS POSUERE QUIEX UT TEMPOR. SUSPENDISSE DUI NULLA MOLLIS VITAE ANTE NEC COMMODO BIBENDUM JUSTO AENEAN CONDI MENTUM COMIN.</h2><p>The rich text element allows you to create and format headings, paragraphs, blockquotes, images, and video all in one place instead of having to add and format them individually. Just double-click and easily create content. Nulla interdum facilisis odio placerat convallis. Vestibulum purus est dictum actellus atfacilisis pharetra massa. Phasellus non aliquet ligula quis tempus nunc. Curabitur maximuse. Fusceet dui aenim aliquet facilisis sliquam uturna inibh vestibulum cursus inquis turpis.</p>",https://uploads-ssl.webflow.com/661ebea157d83e598ce0e44a/66327a514256993dab9b12c8_o_xZKifIK7yiKCeag_SP1_ZzjF_FYt8H7Ci1nZwy8cU.jpeg,"<p>The rich text element allows you to create and format headings, paragraphs, blockquotes, images, and video all in one place instead of having to add and format them individually. Just double-click and easily create content. Nulla interdum facilisis odio placerat convallis. Vestibulum purus est dictum actellus atfacilisis pharetra massa. Phasellus non aliquet ligula quis tempus nunc. Curabitur maximuse. Fusceet dui aenim aliquet facilisis sliquam uturna inibh vestibulum cursus inquis turpis.</p><h6>-----</h6><h3>MAECENAS POSUERE QUIEX UT TEMPOR. SUSPENDISSE DUI NULLA MOLLIS VITAE ANTE NEC COMMODO BIBENDUM JUSTO AENEAN CONDI MENTUM COMIN.</h3><p>The rich text element allows you to create and format headings, paragraphs, blockquotes, images, and video all in one place instead of having to add and format them individually. Just double-click and easily create content. Nulla interdum facilisis odio placerat convallis. Vestibulum purus est dictum actellus atfacilisis pharetra massa. Phasellus non aliquet ligula quis tempus nunc. Curabitur maximuse. Fusceet dui aenim aliquet facilisis sliquam uturna inibh vestibulum cursus inquis turpis.</p>",https://uploads-ssl.webflow.com/661ebea157d83e598ce0e44a/66327a514256993dab9b12d0_gKsV3Lxrn6leb9Xi3QBJ-yQGbUtpGltkbDv8m-fn_bs.jpeg,"<h3>MAECENAS POSUERE QUIEX UT TEMPOR. SUSPENDISSE DUI NULLA MOLLIS VITAE ANTE NEC COMMODO BIBENDUM JUSTO AENEAN CONDI MENTUM COMIN.</h3><p>The rich text element allows you to create and format headings, paragraphs, blockquotes, images, and video all in one place instead of having to add and format them individually. Just double-click and easily create content. Nulla interdum facilisis odio placerat convallis. Vestibulum purus est dictum actellus atfacilisis pharetra massa. Phasellus non aliquet ligula quis tempus nunc. Curabitur maximuse. Fusceet dui aenim aliquet facilisis sliquam uturna inibh vestibulum cursus inquis turpis.</p><p>‍</p><p>The rich text element allows you to create and format headings, paragraphs, blockquotes, images, and video all in one place instead of having to add and format them individually. Just double-click and easily create content. Nulla interdum facilisis odio placerat convallis. Vestibulum purus est dictum actellus atfacilisis pharetra massa. Phasellus non aliquet ligula quis tempus nunc. Curabitur maximuse. Fusceet dui aenim aliquet facilisis sliquam uturna inibh vestibulum cursus inquis turpis.</p>",future-proof-strategies,ideamarket
